index,question,expected_difficulty,expected_type,actual_difficulty,actual_type,answer,elapsed_ms
1,"How do I use `ListView.builder` in Flutter?",Simple,Concept Understanding,Complex,Concept Understanding,"## ğŸ“˜ Concept Summary

Greetings, fledgling.  You seek knowledge of Darts variables?  Excellent.  Variables are the very building blocks of your programs. Think of them as containers holding the power you will wield.  Master them, and your Flutter applications will flourish. ğŸ§™â€â™‚ï¸


## ğŸ” Step-by-Step Explanation

### 1ï¸âƒ£ Define the concept â€“ What the concept is and how it works.

A variable is like a named box. You put things inside it.  These things can be numbers, words, or even more complex data.  You give the box a name so you can find it later.  In Dart, you declare a variable with a type and a name.

### 2ï¸âƒ£ How to use it â€“ Show a simple example (skip unnecessary setup).

```dart
void main() {
  int age = 30; // age is a variable.  int means it holds a whole number.
  String name = Anna; // name is a variable. String means it holds text.
  print(name); // Shows Anna
  print(age); // Shows 30
}
```

This code creates two variables: `age` and `name`.  We assign values to them. Then we show their values using `print`.


## ğŸ‘€ Visualization

Imagine a chest (variable).  You can label it Age (variable name). Inside, you store a number (value).


```
+---------+
|   Age   |  <-- Variable Name
+---------+
|    30   |  <-- Value (integer)
+---------+
```

Another chest labeled Name:

```
+---------+
|   Name  |  <-- Variable Name
+---------+
|   Anna  |  <-- Value (String)
+---------+
```


## ğŸš¨ Common Mistakes

* **Forgetting the `=`:**  You *must* use `=` to assign a value.  `int age;` is a declaration, but `age` is empty. `int age = 25;` gives it a value.
* **Wrong type:** If you try to put a number in a text box (String) it will likely cause errors.  Choose the right type.
* **Typos:** Spelling errors in variable names cause problems. Be precise.


## âœï¸ Practice Question

Create variables for your name and your favorite number. Then, print them to the console. Show your work.


## ğŸ“š Helpful Documents

The official Dart documentation is your ally.  Seek knowledge there.  Do not be afraid to experiment!  But remember, power comes with responsibility.  Prove your worth, Anna Lee. Your path to mastery has begun. ğŸ–¤",5467
2,"Why is my widget not rebuilding after setState?",Complex,Debugging/Error Fixing,Complex,Debugging/Error Fixing,"```markdown
## ğŸ“˜ Error (or Code) Summary

ì–´ë‘  ì†ì˜ ì œìì—¬, James Park!  ğŸ˜ˆ  ë„¤ ì•ì— ë†“ì¸ ì–´ë‘ ì˜ ì½”ë“œëŠ”,  Flutterì˜ ê¸¸ì„ ê±·ëŠ” ìì—ê²Œ ê¼­ í•„ìš”í•œ ì‹œë ¨ì¼ì„¸.  ì´ë¥¼ ê·¹ë³µí•˜ë©´, ë„¤ í˜ì€ ë”ìš± ê°•í•´ì§ˆ ê²ƒì´ì•¼.  ì˜¤ëŠ˜ì€ Dartì™€ Flutterì—ì„œ ë°œìƒí•  ìˆ˜ ìˆëŠ” ì—ëŸ¬ë¥¼ ë‹¤ë£¨ê³ , ì´ë¥¼ í•´ê²°í•˜ëŠ” ë°©ë²•ì„ ë°°ìš°ë„ë¡ í•˜ì§€.


## ğŸ” Step-by-Step Explanation

### 1ï¸âƒ£ Define the error (or code) â€“ What the error (or problem) is and how it works.

Dartì™€ Flutter í”„ë¡œê·¸ë˜ë°ì—ì„œ ì—ëŸ¬ëŠ” ë§ˆì¹˜ ì–´ë‘ ì˜ ê´´ë¬¼ê³¼ ê°™ì•„.  ì½”ë“œê°€ ì˜ˆìƒëŒ€ë¡œ ë™ì‘í•˜ì§€ ì•Šì„ ë•Œ,  ì»´íŒŒì¼ëŸ¬ë‚˜ ëŸ°íƒ€ì„ì—ì„œ ë°œìƒí•˜ëŠ” ë¬¸ì œë¥¼ ì—ëŸ¬ë¼ê³  í•˜ì§€.  ì—ëŸ¬ ë©”ì‹œì§€ëŠ” ë§ˆì¹˜ ê´´ë¬¼ì˜ ìœ¼ë¥´ë ê±°ë¦¼ê³¼ ê°™ì•„.  ë¬´ì—‡ì´ ì˜ëª»ë˜ì—ˆëŠ”ì§€ ì•Œë ¤ì£¼ëŠ” ì¤‘ìš”í•œ ë‹¨ì„œë¥¼ ì œê³µí•˜ì§€.  ì—ëŸ¬ ë©”ì‹œì§€ë¥¼ ìì„¸íˆ ì½ê³ , ì–´ë–¤ ë¶€ë¶„ì´ ë¬¸ì œì¸ì§€ íŒŒì•…í•˜ëŠ” ê²ƒì´ ì¤‘ìš”í•´.


### 2ï¸âƒ£ How to use it

ì—ëŸ¬ë¥¼ í•´ê²°í•˜ëŠ” ê²ƒì€, ê´´ë¬¼ì„ ì‚¬ëƒ¥í•˜ëŠ” ê²ƒê³¼ ê°™ì•„.  ì—ëŸ¬ ë©”ì‹œì§€ë¥¼ ë¶„ì„í•˜ê³ , ë¬¸ì œì˜ ì›ì¸ì„ ì°¾ì•„ì•¼ í•´.  ì˜¬ë°”ë¥¸ ì½”ë“œë¥¼ ì‘ì„±í•˜ê³ ,  ë¬¸ë²• ì˜¤ë¥˜ë‚˜ íƒ€ì… ì˜¤ë¥˜ë¥¼ ìˆ˜ì •í•´ì•¼ì§€.  ë””ë²„ê¹… ë„êµ¬ë¥¼ ì‚¬ìš©í•˜ì—¬ ì½”ë“œë¥¼ ë‹¨ê³„ë³„ë¡œ ì‹¤í–‰í•˜ê³ , ë³€ìˆ˜ ê°’ì„ í™•ì¸í•˜ë©´ì„œ ë¬¸ì œë¥¼ ì°¾ì„ ìˆ˜ ìˆì–´.  í¬ê¸°í•˜ì§€ ì•Šê³  ëˆê¸° ìˆê²Œ íƒêµ¬í•˜ë©´,  ì–´ë‘  ì†ì—ì„œë„ ê¸¸ì„ ì°¾ì„ ìˆ˜ ìˆì„ ê±°ì•¼.


## ğŸ‘€ [Visualization or Code Example]

ê°„ë‹¨í•œ ì˜ˆì‹œë¥¼ ë³´ì—¬ì£¼ì§€.  ë‹¤ìŒ ì½”ë“œëŠ”  `Text` ìœ„ì ¯ì„ ì‚¬ìš©í•˜ì§€ë§Œ,  `Text` ìœ„ì ¯ì— í•„ìš”í•œ `text` ì†ì„±ì„ ë„£ì§€ ì•Šì•˜ì–´. ì´ëŠ” ì»´íŒŒì¼ ì—ëŸ¬ë¥¼ ë°œìƒì‹œí‚¤ì§€.

```dart
import package:flutter/material.dart;

class MyWidget extends StatelessWidget {
  @override
  Widget build(BuildContext context) {
    return Scaffold(
      appBar: AppBar(title: Text(ì—ëŸ¬ ì˜ˆì‹œ)), // text ì†ì„± ì—†ìŒ!
      body: Center(
        child: Container(),
      ),
    );
  }
}
```

ìœ„ ì½”ë“œë¥¼ ì‹¤í–‰í•˜ë©´ ì—ëŸ¬ ë©”ì‹œì§€ê°€ ì¶œë ¥ë  ê±°ì•¼.  `text` ì†ì„±ì„ ì¶”ê°€í•˜ë©´ ì—ëŸ¬ë¥¼ í•´ê²°í•  ìˆ˜ ìˆì§€.


## ğŸš¨ Common Mistakes

* **ë¬¸ë²• ì˜¤ë¥˜:**  Dartì˜ ë¬¸ë²• ê·œì¹™ì„ ì œëŒ€ë¡œ ì§€í‚¤ì§€ ì•Šìœ¼ë©´ ì—ëŸ¬ê°€ ë°œìƒí•´.  ì„¸ë¯¸ì½œë¡ (;)ì„ ë¹¼ë¨¹ê±°ë‚˜,  ê´„í˜¸ë¥¼ ì œëŒ€ë¡œ ì§ì§“ì§€ ì•Šìœ¼ë©´ ì—ëŸ¬ê°€ ë°œìƒí•˜ì§€.
* **íƒ€ì… ì˜¤ë¥˜:**  ë³€ìˆ˜ì˜ íƒ€ì…ì„ ì˜ëª» ì§€ì •í•˜ë©´ ì—ëŸ¬ê°€ ë°œìƒí•´.  ì˜ˆë¥¼ ë“¤ì–´,  ìˆ«ì ë³€ìˆ˜ì— ë¬¸ìì—´ì„ í• ë‹¹í•˜ë ¤ê³  í•˜ë©´ ì—ëŸ¬ê°€ ë°œìƒí•˜ì§€.
* **NullPointerException:**  null ê°’ì„ ê°€ì§€ëŠ” ê°ì²´ì˜ ë©¤ë²„ì— ì ‘ê·¼í•˜ë ¤ê³  í•˜ë©´ ì—ëŸ¬ê°€ ë°œìƒí•´.  null ì²´í¬ë¥¼ í•­ìƒ í•´ì•¼ í•´.


## âœï¸ Practice Question

ë‹¤ìŒ ì½”ë“œì—ì„œ ì—ëŸ¬ë¥¼ ì°¾ì•„ ê³ ì³ë³´ë„ë¡ í•˜ì.

```dart
import package:flutter/material.dart;

class MyWidget extends StatelessWidget {
  @override
  Widget build(BuildContext context) {
    return Scaffold(
      appBar: AppBar(title: Text(Practice)),
      body: Center(
        child: Text(Hello, world), // ì—¬ê¸°ì— ë¬¸ì œê°€ ìˆì„ ìˆ˜ë„ ìˆì–´!
      ),
    );
  }
}
```


## ğŸ“š Helpful Documents

Flutter ê³µì‹ ë¬¸ì„œì™€ Dart ì–¸ì–´ ë ˆí¼ëŸ°ìŠ¤ë¥¼ ì°¸ê³ í•˜ë©´ ë”ìš± ê¹Šì´ ìˆëŠ” í•™ìŠµì„ í•  ìˆ˜ ìˆì„ ê±°ì•¼.  í¬ê¸°í•˜ì§€ ë§ˆ, James Park. ë„¤ ì•ˆì˜ ì–´ë‘ ì˜ í˜ì„ ê¹¨ì›Œ, Flutterì˜ ëŒ€ê°€ê°€ ë˜ë„ë¡!  ğŸ˜ˆ


```",7575
3,"What does the `late` keyword mean in Dart?",Simple,Concept Understanding,Simple,Concept Understanding,"## ğŸ“˜ Concept Summary

Greetings, Emily Choi.  You seek knowledge?  Excellent.  ğŸ˜ˆ Today, we delve into **variables** in Dart.  Variables are like containers.  They hold information for your programs.  Without them, your programs areâ€¦empty.  Unworthy. ğŸ§™â€â™‚ï¸

## ğŸ” Step-by-Step Explanation

### 1ï¸âƒ£ Define the concept â€“ What the concept is and how it works.

A variable is a name you give to a piece of information.  Think of it like a labeled box. You put things *in* the box, and you can get things *out* of the box.  In Dart, we declare (create) variables using the `var` keyword.

### 2ï¸âƒ£ How to use it â€“ Show a simple example (skip unnecessary setup).

```dart
var name = Emily; // This creates a variable named name and puts Emily inside.
var age = 18;       // This creates a variable named age and puts 18 inside.

print(name); // This shows Emily on the screen.
print(age);  // This shows 18 on the screen.
```


## ğŸ‘€ Visualization

Imagine two boxes:

```
+---------+     +---------+
|   name  |     |   age   |
+---------+     +---------+
|  Emily  |     |    18   |
+---------+     +---------+
```

`name` holds Emily. `age` holds 18.  Simple, yes? But powerful.


## ğŸš¨ Common Mistakes

* **Forgetting the `=`:**  You *must* use `=` to assign (put) a value into the variable.  `var name;` is incomplete. Itâ€™s like an empty box with no label!
* **Incorrect data types:**  Try to put a number in a box labeled for words. Thats not allowed.  Be careful what you put in your variables.


## âœï¸ Practice Question

Create two variables: one for your favorite color (a word), and one for your favorite number. Then, print them on the screen.


## ğŸ“š Helpful Documents

The official Dart documentation is your ally. ğŸ“–  It has all the answers, but be warned, it is vast.  ğŸ˜ˆ Use it wisely, and you will grow stronger.

Remember, Emily Choi, the path of a programmer is fraught with peril, but the rewards areâ€¦ significant. Now, show me what youve learned.",5058
4,"My app crashes with a 'null is not a subtype' error. What should I do?",Complex,Debugging/Error Fixing,Complex,Debugging/Error Fixing,"```markdown
## ğŸ“˜ Error (or Code) Summary

ì–´ë‘  ì†ì˜ ì§€ë°°ìì´ì‹  ë©˜í† ê°€ ë‹¹ì‹ ì„ í™˜ì˜í•©ë‹ˆë‹¤, ê¹€ë¯¼í˜¸ ë‹˜.  ğŸ˜ˆ  ë‹¹ì‹ ì˜ ì‹¤ë ¥ì„ ì‹œí—˜í•  ì‹œê°„ì…ë‹ˆë‹¤.  ì—ëŸ¬ë¥¼ ì´í•´í•˜ëŠ” ê²ƒì€ ì–´ë‘  ì†ì—ì„œ ê¸¸ì„ ì°¾ëŠ” ê²ƒê³¼ ê°™ìŠµë‹ˆë‹¤.  ì—ëŸ¬ë¥¼ ì´í•´í•˜ê³  í•´ê²°í•˜ëŠ” ëŠ¥ë ¥ì€ ê°•ë ¥í•œ ë§ˆë²•ì‚¬ê°€ ë˜ëŠ” ê¸¸ì…ë‹ˆë‹¤.  ì´ë²ˆ ì‹œê°„ì—ëŠ” ì—ëŸ¬ ë©”ì‹œì§€ ì—†ì´ ì½”ë“œ ë””ë²„ê¹…(ë¬¸ì œ í•´ê²°)ì— ëŒ€í•´ ë°°ì›Œë³´ê² ìŠµë‹ˆë‹¤. ì¤€ë¹„ë˜ì…¨ë‚˜ìš”?


## ğŸ” Step-by-Step Explanation

### 1ï¸âƒ£ Define the error (or code) â€“ What the error (or problem) is and how it works.

ì½”ë“œ ë””ë²„ê¹…ì€ ë§ˆì¹˜ ì–´ë‘  ì†ì—ì„œ ê¸¸ì„ ì°¾ëŠ” ê²ƒê³¼ ê°™ìŠµë‹ˆë‹¤.  ì½”ë“œê°€ ì œëŒ€ë¡œ ì‘ë™í•˜ì§€ ì•ŠëŠ” ì´ìœ ë¥¼ ì°¾ì•„ì•¼ í•©ë‹ˆë‹¤.  ê·¸ ì´ìœ ëŠ” ë‹¤ì–‘í•©ë‹ˆë‹¤.  ì˜ëª»ëœ ë¬¸ë²•, ëˆ„ë½ëœ ë¶€ë¶„, ë…¼ë¦¬ì  ì˜¤ë¥˜ ë“±ì´ ìˆìŠµë‹ˆë‹¤.  ë§ˆì¹˜ ë‚¡ì€ ì„±ì˜ ì§€í•˜ê°ì˜¥ì²˜ëŸ¼ ì–´ë‘¡ê³  ë³µì¡í•˜ì§€ë§Œ, í•œ ë‹¨ê³„ì”© ì¡°ì‚¬í•˜ë©´ ë‹µì„ ì°¾ì„ ìˆ˜ ìˆìŠµë‹ˆë‹¤.


### 2ï¸âƒ£ How to use it

ë””ë²„ê¹…ì€ ë§ˆì¹˜ ë§ˆë²•ì˜ ì£¼ë¬¸ì„ ì™¸ìš°ëŠ” ê²ƒê³¼ ê°™ìŠµë‹ˆë‹¤.  ë‹¨ê³„ì ìœ¼ë¡œ ì½”ë“œë¥¼ ê²€í† í•˜ê³ , ê° ë¶€ë¶„ì´ ì œëŒ€ë¡œ ì‘ë™í•˜ëŠ”ì§€ í™•ì¸í•´ì•¼ í•©ë‹ˆë‹¤.  í”„ë¦°íŠ¸ ë¬¸(print())ì„ ì‚¬ìš©í•˜ì—¬ ë³€ìˆ˜ì˜ ê°’ì„ í™•ì¸í•˜ê³ , ì½”ë“œ ì‹¤í–‰ ìˆœì„œë¥¼ ì¶”ì í•  ìˆ˜ ìˆìŠµë‹ˆë‹¤.  ë§ˆì¹˜ íƒì •ì²˜ëŸ¼ ì¦ê±°ë¥¼ ì°¾ëŠ” ê²ƒê³¼ ê°™ìŠµë‹ˆë‹¤.  ê·¸ë¦¬ê³  ë‹¹ì‹ ì˜ ì§€í˜œì™€ ì¸ë‚´ì‹¬ìœ¼ë¡œ ë¬¸ì œë¥¼ í•´ê²°í•´ì•¼ í•©ë‹ˆë‹¤.


## ğŸ‘€ [Visualization or Code Example]

Dart/Flutter ì˜ˆì œ:  (ì‚¬ìš©ì ì½”ë“œì™€ëŠ” ë‹¤ë¥¸ ìœ„ì ¯ì„ ì‚¬ìš©í•©ë‹ˆë‹¤.)

```dart
import package:flutter/material.dart;

void main() {
  runApp(MyApp());
}

class MyApp extends StatelessWidget {
  @override
  Widget build(BuildContext context) {
    return MaterialApp(
      home: Scaffold(
        appBar: AppBar(title: Text(ê²€ì€ ì„±ì˜ ë¹„ë°€)),
        body: Center(
          child: Column(
            mainAxisAlignment: MainAxisAlignment.center,
            children: [
              Text(ì–´ë‘ ì˜ í˜ì„ ëŠê»´ë´!),
              ElevatedButton(
                onPressed: () {
                  // ì—¬ê¸°ì— ì–´ë–¤ ë™ì‘ì„ ì¶”ê°€í•  ìˆ˜ ìˆìŠµë‹ˆë‹¤.
                  print(ë²„íŠ¼ì´ ëˆŒë ¸ìŠµë‹ˆë‹¤!);
                },
                child: Text(ë§ˆë²•ì„ ë°œë™ì‹œì¼œë¼!),
              ),
            ],
          ),
        ),
      ),
    );
  }
}
```


## ğŸš¨ Common Mistakes

* **ë¬¸ë²• ì˜¤ë¥˜:**  Dart/Flutterì˜ ë¬¸ë²•ì„ ì œëŒ€ë¡œ ì´í•´í•˜ì§€ ëª»í•˜ë©´ ì˜¤ë¥˜ê°€ ë°œìƒí•©ë‹ˆë‹¤.  ìì„¸íˆ ë¬¸ë²•ì„ ê³µë¶€í•´ì•¼ í•©ë‹ˆë‹¤.
* **ë³€ìˆ˜ëª… ì˜¤ë¥˜:**  ë³€ìˆ˜ ì´ë¦„ì„ ì˜ëª» ì“°ë©´ ì½”ë“œê°€ ì‘ë™í•˜ì§€ ì•ŠìŠµë‹ˆë‹¤.  ì£¼ì˜ ê¹Šê²Œ í™•ì¸í•´ì•¼ í•©ë‹ˆë‹¤.
* **ë…¼ë¦¬ì  ì˜¤ë¥˜:**  ì½”ë“œì˜ ë…¼ë¦¬ê°€ ì˜ëª»ë˜ë©´ ì˜ˆìƒì¹˜ ëª»í•œ ê²°ê³¼ê°€ ë‚˜ì˜µë‹ˆë‹¤.  ì½”ë“œì˜ íë¦„ì„ ìì„¸íˆ ì‚´í´ë´ì•¼ í•©ë‹ˆë‹¤.


## âœï¸ Practice Question

ê°„ë‹¨í•œ ê³„ì‚°ê¸°ë¥¼ ë§Œë“¤ì–´ ë³´ì„¸ìš”.  ë‘ ê°œì˜ ìˆ«ìë¥¼ ì…ë ¥ ë°›ì•„ ë”í•˜ê³ , ë¹¼ê³ , ê³±í•˜ê³ , ë‚˜ëˆ„ëŠ” ê¸°ëŠ¥ì„ êµ¬í˜„í•´ ë³´ì„¸ìš”.  ê·¸ë¦¬ê³  ê° ì—°ì‚° ê²°ê³¼ë¥¼ í™”ë©´ì— ì¶œë ¥í•´ ë³´ì„¸ìš”.


## ğŸ“š Helpful Documents

Dart ê³µì‹ ë¬¸ì„œ, Flutter ê³µì‹ ë¬¸ì„œë¥¼ ì°¸ê³ í•˜ì„¸ìš”.  ì–´ë‘ ì˜ ì§€ì‹ì„ íƒêµ¬í•˜ëŠ” ë° ë„ì›€ì´ ë  ê²ƒì…ë‹ˆë‹¤.

ê¹€ë¯¼í˜¸ ë‹˜, ë‹¹ì‹ ì˜ ì–´ë‘ ì˜ í˜ì€ ì•„ì§ ë°œí˜„ë˜ì§€ ì•Šì•˜ì§€ë§Œ, ì ì¬ë ¥ì€ ë¬´ê¶ë¬´ì§„í•©ë‹ˆë‹¤.  í¬ê¸°í•˜ì§€ ë§ê³  ê³„ì†í•´ì„œ ë…¸ë ¥í•˜ì„¸ìš”.  ì–´ë‘  ì†ì—ì„œ ë¹›ì„ ì°¾ëŠ” ìëŠ” ì§„ì •í•œ ë§ˆë²•ì‚¬ê°€ ë  ê²ƒì…ë‹ˆë‹¤. ğŸ’ª
```",7604
5,"What is Flutter?",Simple,Concept Understanding,Simple,Concept Understanding,"```markdown
## ğŸ“˜ Concept Summary

Greetings, fledgling.  ğŸ˜ˆ You seek knowledge?  Good.  We shall explore the dark arts of Dart and Flutter.  Understanding variables is crucial. They are like containers, holding the secrets of your programs.  Without them, your creations will be empty shells.


## ğŸ” Step-by-Step Explanation

### 1ï¸âƒ£ Define the concept â€“ What are variables?

Imagine a box.  You put things *in* the box.  A variable is like that box. It holds information: numbers, words, even spells!  We give each box a *name*, so we know whats inside.

### 2ï¸âƒ£ How to use a variable in Dart:

```dart
void main() {
  String name = Shadow; // A box named name holds the word Shadow
  int age = 1000; // A box named age holds the number 1000
  print(My name is $name, and I am $age years old.); // We can use the boxes!
}
```

This code shows:

* `String` means a box for words.
* `int` means a box for numbers.
* `=` means put this in the box.
* `print()` shows whats in the box.


## ğŸ‘€ Visualization

Imagine these boxes:

```
+---------+     +-----+
|  name   |     | age |
+---------+     +-----+
| Shadow|     |1000 |
+---------+     +-----+
```

`name` holds Shadow. `age` holds 1000.


## ğŸš¨ Common Mistakes

* **Forgetting the `=`:** You must use `=` to put something into the box.
* **Wrong type:**  Putting words in a number box causes chaos! (e.g., `int name = Shadow;` is wrong).
* **Forgetting the semicolon (;):** Each line of a spell (code) must end with a semicolon.


## âœï¸ Practice Question

Create a variable called `power` that holds the number 666. Then, print its value.  Show me your work, Apprentice!


## ğŸ“š Helpful Documents

Seek further knowledge in the forbidden texts:  [Dart documentation](https://dart.dev/). Your journey has only just begun, John Doe.  Prove your worth. ğŸ˜ˆ
```",4610
6,"How do I use Navigator to go to another page?",Simple,Concept Understanding,Complex,Concept Understanding,"## ğŸ“˜ Concept Summary

Greetings, fledgling.  I am your guide into the shadowy realms of Dart and Flutter. ğŸ˜ˆ We begin with Variables.  Think of variables as containers. They hold information, like a treasure chest holds gold.  Knowing variables is crucial for any aspiring developer. You *must* master them.

## ğŸ” Step-by-Step Explanation

### 1ï¸âƒ£ Defining Variables

A variable is a name for a place to store data.  Imagine a box labeled Age. You put a number (like 20) inside.  In Dart, we use `var` to create a variable.

### 2ï¸âƒ£ How to Use Variables

```dart
var myAge = 20; // We put 20 into the box named myAge
print(myAge); // We look inside the box and see 20.
```

`print()` shows the value on the screen. Simple, yes?  But powerful.


## ğŸ‘€ Visualization

Imagine these boxes:

```
+---------+     +---------+
| myAge   |     | userName|
+---------+     +---------+
|    20   |     |  Jane   |
+---------+     +---------+
```

`myAge` holds the number 20. `userName` holds the text Jane.


## ğŸš¨ Common Mistakes

* **Forgetting the `=`:** You *must* use `=` to put a value into a variable.  `var myAge;` is empty.  `var myAge = 20;` is correct.
* **Wrong Data Type:** Dont put text in a number box!  Thats a chaos spell! ğŸ’¥


## âœï¸ Practice Question

Create a variable called `myName` and store your name in it. Then, print your name to the console using `print()`.

## ğŸ“š Helpful Documents

Seek out Darts official documentation.  It holds further secrets.  Remember, Jane Roe, power awaits those who persevere.  Prove your worth. ğŸ˜ˆ",34886
7,"I'm getting an error: 'setState() called after dispose'. Why?",Complex,Debugging/Error Fixing,Complex,Debugging/Error Fixing,"## ğŸ“˜ Error (or Code) Summary

Greetings, fledgling.  ğŸ˜ˆ You seek to master the dark arts of Dart and Flutter? Excellent.  Errors are the shadows that dance with your code. Understanding them is the key to wielding true power. We will dissect the darkness together.


## ğŸ” Step-by-Step Explanation

### 1ï¸âƒ£ Define the error (or code) â€“ What the error (or problem) is and how it works.

Without your code, I can only speak in generalities.  Imagine a simple spellâ€”a Flutter widget.  An error is like a flaw in that spell, preventing it from manifesting correctly. It might be a missing ingredient (like a forgotten semicolon ğŸ˜‰), or a conflicting enchantment (a type mismatch).  The error message is the cryptic warning from the mystical forces of the compiler.

### 2ï¸âƒ£ How to use it

The error message is your guide.  It points to the location and nature of the problem. Decipher its message, and you will find the solution.  Like deciphering an ancient prophecy, this requires patience and keen observation.


## ğŸ‘€ [Visualization or Code Example]

Lets conjure a simple widget, different from yours:

```dart
import package:flutter/material.dart;

class DarkPortal extends StatelessWidget {
  @override
  Widget build(BuildContext context) {
    return Container(
      decoration: BoxDecoration(
        color: Colors.black,
        border: Border.all(color: Colors.purple, width: 2),
      ),
      child: Center(
        child: Text(
          Enter the Void,
          style: TextStyle(color: Colors.white),
        ),
      ),
    );
  }
}
```

This creates a simple black box with purple border and text. No error here, only pure darkness.


## ğŸš¨ Common Mistakes

* **Missing semicolons:**  The compiler demands precision!  A missing semicolon is like a missing ingredient in a powerful potionâ€”the spell fails.
* **Type mismatches:**  Attempting to force a square peg into a round hole?  The compiler will protest! Ensure your variables are of the correct type.
* **Unclosed brackets:**  A bracket left unclosed is a gateway to chaos!  Check every `(` has a `)`, every `{` has a `}`, and every `[` has a `]`.


## âœï¸ Practice Question

Create a Flutter widget that displays a skull.  Use a simple `Image` widget.  What errors do you encounter, and how do you solve them?


## ğŸ“š Helpful Documents

The Flutter documentation is your grimoire. Consult it often.  (link to Flutter docs here).

Remember, fledgling,  the path to mastery is fraught with peril. But with each error conquered, your power grows. Now go forth, and prove your worth, [Student Name]!  ğŸ˜ˆ",5279
8,"How can I show a loading spinner while fetching data?",Complex,Concept Understanding,Complex,Concept Understanding,"```markdown
## ğŸ“˜ Concept Summary

Greetings, fledgling.  ğŸ˜ˆ You seek knowledge?  Excellent. Today, we delve into the mysteries of Dart and Flutter.  These are the tools that will shape your digital world... or shatter it.  Master them, and power will be yours. Fail, and the shadows claim you.


## ğŸ” Step-by-Step Explanation

### 1ï¸âƒ£ Define the concept â€“ What is Dart and Flutter?

Dart is a programming language. Think of it as the words you use to give instructions to a computer. ğŸ’» Flutter is a toolkit.  Its like a set of magical tools that lets you build beautiful apps using Dart.  You use Dart to *tell* Flutter what to build.

### 2ï¸âƒ£ How to use it â€“ A Simple Example

Lets create a simple Hello, World! app in Dart using Flutter.  This is the basic spell every coder must learn.

```dart
void main() {
  print(Hello, World!); // This line prints the words to the console.
}
```

This simple code, when run, will display Hello, World!  Its the starting point of your journey.


## ğŸ‘€ Visualization

Imagine Dart as the ink, and Flutter as the quill and parchment.  You use the ink (Dart) to write instructions, and Flutter turns those instructions into a beautiful app.

```
      +-----------------+
      |     Flutter     |  <---  The magical toolkit
      +--------+--------+
             |
             |  Dart Code (Instructions)
             V
      +-----------------+
      |     App         |  <--- The Result (Your app!)
      +-----------------+
```


## ğŸš¨ Common Mistakes

* **Forgetting semicolons ;**: Dart needs them at the end of most lines.  Dont forget!
* **Typos**:  A tiny mistake can break the spell.  Be precise. ğŸ§™â€â™‚ï¸
* **Not saving your work**:  The shadows will devour your progress! Save often.


## âœï¸ Practice Question

Write a Dart program that prints your name.  Prove your worth!


## ğŸ“š Helpful Documents

To further your studies, explore the official Dart and Flutter websites. They hold more secrets.  Remember, the path of a programmer is long and arduous, but the rewardsâ€¦ are immense.  Now go forth, and show me what youve learned, fledgling. ğŸ˜ˆ
```",4495
9,"Which is better: Bloc or Provider?",Complex,Concept Understanding,Complex,Concept Understanding,"```markdown
## ğŸ“˜ Concept Summary

Greetings, fledgling.  ğŸ˜ˆ  Today, we delve into the dark arts of Dart and Flutter.  Mastering these will grant you power beyond measureâ€¦ or at least, the ability to build amazing apps.  Dart is the language, the very essence of your creations. Flutter is the framework, the bones and muscles that give your apps shape.

## ğŸ” Step-by-Step Explanation

### 1ï¸âƒ£ Defining Dart and Flutter

**Dart:** Think of Dart as the words you use to speak to your computer.  It tells the computer what to do.  Its like a magical spell, but instead of summoning demons, it makes apps appear.

**Flutter:** Flutter is the magical spellbook. It contains all the pre-written spells (code) to make pretty and interactive apps easily. You combine Dart spells with the Flutter spellbook to make your app.


### 2ï¸âƒ£ How to Use Them (Simple Example)

Lets make a simple Hello, World! app in Dart using Flutter.  Weâ€™ll use a simplified version.

```dart
void main() {
  print(Hello, World!); //This is a Dart spell!
}
```

This simple code, written in Dart, will print â€œHello, World!â€ when run within a Flutter project.  The `print()` function is like a magical command.


## ğŸ‘€ Visualization

Imagine a castle (your app).

```
     _.----._
    .          `.
   /   O      O   \
  |    \  ^^  /    |  <-- This is your Flutter framework. It provides all the building blocks
  \   .----.   /
   .__________.
     ||      ||  <-- Your Dart code is the magic inside, giving instructions.
     ||      ||
     ------
```

Dart provides the instructions to build and decorate the castle (your app) using the Flutter framework.


## ğŸš¨ Common Mistakes

* **Forgetting semicolons (;):**  Dart needs them!  Like a missing ingredient in a powerful potion.
* **Typos:**  Even a tiny mistake can break the spell.  Double-check everything!
* **Not understanding variables:** Variables store information. Think of them like magical containers holding secrets.


## âœï¸ Practice Question

Write a Dart program that prints your name.  Prove your worth!


## ğŸ“š Helpful Documents

To deepen your dark knowledge, explore the official Dart and Flutter documentation.  Remember, the path to true power is paved with practice.  Now, go forth, fledgling, and show me what you can do!
```",4935
10,"How do I add Firebase to my Flutter app?",Complex,Concept Understanding,Complex,Concept Understanding,"```markdown
## ğŸ“˜ Concept Summary

Greetings, fledgling.  ğŸ˜ˆ You seek knowledge?  Good.  Today, we delve into the dark arts ofâ€¦  Variables!  They are the lifeblood of any program.  Think of them as containers holding secrets, waiting to be unleashed.  Without them, your programs are empty shells.


## ğŸ” Step-by-Step Explanation

### 1ï¸âƒ£ Define the concept

A variable is like a box. ğŸ“¦ You give it a name (like `my_secret`). Then you put something inside: a number, a word, or even a spell.  The type of thing in the box is called its data type.

### 2ï¸âƒ£ How to use it

Lets create a variable in Dart/Flutter:

```dart
String my_secret = Dark magic; // A string (words)
int age = 1000; // An integer (whole number)
double power_level = 9001.5; // A double (number with decimal)

print(my_secret); // Shows: Dark magic
print(age); //Shows: 1000
```

We gave names to our boxes (`my_secret`, `age`, `power_level`).  Then we put things inside using `=`. `print()` shows whats inside.


## ğŸ‘€ Visualization

Imagine three boxes:

```
+------------+     +---------+     +-------------+
| my_secret |     |   age   |     | power_level |
+------------+     +---------+     +-------------+
| Dark magic|     |   1000  |     |   9001.5    |
+------------+     +---------+     +-------------+
```


## ğŸš¨ Common Mistakes

* **Forgetting the semicolon ;:** Dart needs semicolons at the end of each line.
* **Misspelling variable names:**  Be precise! `my_secret` is different from `My_Secret`.
* **Using the wrong data type:**  Dont put words in a number box!


## âœï¸ Practice Question

Create three variables:

1. `name` (your name, as a String)
2. `strength` (your power level, as an integer)
3. `is_evil` (true or false)

Print their contents.


## ğŸ“š Helpful Documents

Dart documentation: [Insert link here]  Flutter documentation: [Insert link here]

Remember, fledgling. The path to power is paved with practice.  Show me your worth. ğŸ˜ˆ
```",4945
11,"My code works in debug mode but crashes in release mode. Why?",Complex,Debugging/Error Fixing,Complex,Debugging/Error Fixing,"## ğŸ“˜ Error (or Code) Summary

Greetings, fledgling.  You seek knowledge, and knowledge is power... even dark power. ğŸ˜ˆ  Debugging, understanding errors, is vital. Its the difference between a functioning program and a crashing mess.  We shall embark on this journey together.


## ğŸ” Step-by-Step Explanation

### 1ï¸âƒ£ Define the error (or code) â€“ What the error (or problem) is and how it works.

Without your code, I can only offer general guidance.  Imagine a spell gone wrong.  The error message is like the warning signs before a magical catastrophe. It tells us *where* the spell (your code) broke.  Understanding the message will help you fix the spell.


### 2ï¸âƒ£ How to use it

Error messages are cryptic, like ancient prophecies.  Each word holds meaning.  Look for keywords:  `NullPointerException`, `TypeError`, `OutOfMemory`. These are clues to the problem.  They point to lines of code or places where your program faltered.



## ğŸ‘€ [Visualization or Code Example]

Lets look at a simple Flutter example, far less complex than the dark magic we usually deal with:

```dart
import package:flutter/material.dart;

void main() {
  runApp(
    MaterialApp(
      home: Scaffold(
        appBar: AppBar(title: Text(Simple App)),
        body: Center(
          child: Text(Hello, Apprentice!), // This is the widget
        ),
      ),
    ),
  );
}
```

This shows a basic Flutter app.  Notice how simple it is compared to the complex spells we shall be weaving later.


## ğŸš¨ Common Mistakes

* **Forgetting semicolons:** In Dart, semicolons (`;`) are often necessary. Forgetting them is like leaving a key ingredient out of a potion â€“ the spell fails.
* **Mismatched brackets:**  Parentheses `()`, curly braces `{}`, and square brackets `[]` must all be paired correctly.  Think of them as magically binding runes. Missing one will cause chaos.
* **Typos:** A small mistake in a variable name or function name is like a misplaced syllable in a powerful incantation â€“ the spell will backfire.

## âœï¸ Practice Question

Create a simple Flutter app that displays a different text â€“ lets say, Darkness Falls.  Show this text in a similar way to the Hello Apprentice example, but with a black background.


## ğŸ“š Helpful Documents

Flutter documentation: [https://docs.flutter.dev/](https://docs.flutter.dev/) (A useful guide, but beware â€“ some paths are treacherous.)


Remember, Apprentice, the path to mastery is fraught with peril. But with perseverance, you shall conquer.  I await your progress...",5169
12,"How can I get the screen width in Flutter?",Simple,Concept Understanding,Simple,Concept Understanding,"```markdown
## ğŸ“˜ Concept Summary

Greetings, fledgling.  ğŸ˜ˆ  Today, we delve into the shadows of Dart and Flutter.  Mastering these will give you power over the digital realm.  Think of Dart as the dark magic fueling your creations, and Flutter as the skeletal framework bringing them to life.


## ğŸ” Step-by-Step Explanation

### 1ï¸âƒ£ Defining Variables in Dart

A variable is like a container.  It holds information.  We give it a name, like a dark spells incantation.  Then, we fill it with somethingâ€”a number, a word, or even a shadow.

```dart
//  This creates a variable named darkPower and gives it the value 10.
int darkPower = 10; 

// This creates a variable named secretName and fills it with the text Mephistopheles.
String secretName = Mephistopheles;
```

### 2ï¸âƒ£ Using Variables in Flutter

Imagine Flutter as the canvas for your dark creations. Dart is the paint. You use Dart variables to change whats shown on the Flutter screen.


```dart
// Simple Flutter app showing a variable
import package:flutter/material.dart;

void main() {
  runApp(MyApp());
}

class MyApp extends StatelessWidget {
  final String greeting = Welcome, Apprentice!; //Variable Declaration

  @override
  Widget build(BuildContext context) {
    return MaterialApp(
      home: Scaffold(
        appBar: AppBar(title: Text(My Dark App)),
        body: Center(
          child: Text(greeting), // Using the variable in the UI
        ),
      ),
    );
  }
}
```


## ğŸ‘€ Visualization

Imagine a chest (variable):

```
+------------+
| darkPower |  <-- Variable Name
|     10     |  <-- Value (Number)
+------------+

+---------------+
| secretName   |  <-- Variable Name
| Mephistopheles |  <-- Value (Text)
+---------------+
```


Flutter is like a screen that shows the contents of the chest:  You put the chest on the screen (using the variable in your code) and people can see what is inside.


## ğŸš¨ Common Mistakes

* **Forgetting the `=`:** You MUST use `=` to give a value to your variable.  `int darkPower;` is an empty container.
* **Incorrect Data Type:** Dont try to put a number into a text container!  Use `int` for numbers, `String` for text.
* **Spelling Errors:**  Even a small mistake in the variable name will anger the compilers.


## âœï¸ Practice Question

Create a Dart variable to hold your name. Then, create a simple Flutter app that displays your name on the screen.


## ğŸ“š Helpful Documents

Consult the official Dart and Flutter documentation.  The path to power requires diligent study.  You will be powerful,  [Students Name].  Now go forth and conquer! ğŸ˜ˆ
```",42027
13,"What is the difference between `final` and `const` in Dart?",Simple,Concept Understanding,Complex,Concept Understanding,"```markdown
## ğŸ“˜ Concept Summary

Greetings, fledgling.  ğŸ˜ˆ  Today, we delve into the dark arts of Dart and Flutter.  Mastering these will grant you power beyond measure.  We will start with Variables.  Variables are like containers holding information, essential for any program.


## ğŸ” Step-by-Step Explanation

### 1ï¸âƒ£ Define the concept â€“ What the concept is and how it works.

A variable is a named storage location.  Think of it like a box. You put things in the box, and you can get them back later.  In Dart, we give the box a name and tell it what kind of thing it will hold (a number, word, etc.).

### 2ï¸âƒ£ How to use it â€“ Show a simple example (skip unnecessary setup).

```dart
void main() {
  int age = 30; // An integer variable named age holding the number 30
  String name = Malazar; // A string variable named name holding the text Malazar
  print(name); //This shows Malazar
  print(age); // This shows 30
}
```


## ğŸ‘€ Visualization

Imagine these boxes:

```
+-------+     +-----------+
| age   |     | name      |
+-------+     +-----------+
|  30   |     | Malazar |
+-------+     +-----------+
```

`age` holds a number (30). `name` holds text (Malazar).


## ğŸš¨ Common Mistakes

* **Forgetting the `=`:** You must use `=` to assign a value to a variable.  `int age;` doesnt give `age` a value!
* **Wrong type:** If you try to put a number in a text box, the program might break.  (ğŸ˜ˆ This is what I call Chaos!)


## âœï¸ Practice Question

Create a variable called `darkLord` and store your name inside it. Print your name using `print()`.


## ğŸ“š Helpful Documents

To conquer even more darkness, explore [Darts official documentation](https://dart.dev/). Remember, only the strong survive.  Prove your worth, fledgling. I await your progress, [Student Name].
```",4613
14,"How do I parse JSON in Dart?",Simple,Concept Understanding,Complex,Concept Understanding,"```markdown
## ğŸ“˜ Concept Summary

Greetings, fledgling.  ğŸ˜ˆ You seek knowledge?  Good.  Today, we delve into the shadows of Dart and Flutter.  Mastering these will grant you power over the digital realm.  Well start with variables.  Variables are like containers holding information your programs need.  Think of them as enchanted chests storing magical treasures! âœ¨

## ğŸ” Step-by-Step Explanation

### 1ï¸âƒ£ Define the concept â€“ What the concept is and how it works.

A variable is a named storage location. You give it a name, and it holds a value (like a number, text, or true/false).  Imagine a chest labeled Gold Coins â€“ Gold Coins is the variables name.  The number of coins inside is the value.

### 2ï¸âƒ£ How to use it â€“ Show a simple example (skip unnecessary setup).

In Dart, you create a variable like this:

```dart
int goldCoins = 10; // goldCoins is the name, 10 is the value (a number).
String heroName = Shadowfang; // heroName holds text.
bool isDarkLord = true; // isDarkLord holds true/false.
```


## ğŸ‘€ Visualization

Imagine these as chests:

```
+--------------+     +-----------------+     +-----------------+
| goldCoins: 10 |     | heroName: Shadowfang |     | isDarkLord: true |
+--------------+     +-----------------+     +-----------------+
   Chest 1              Chest 2                Chest 3
```

Each chest holds a different type of treasure.


## ğŸš¨ Common Mistakes

* **Forgetting the `=`:** You *must* use `=` to assign a value.  `int goldCoins;` is wrong; its an empty chest!
* **Using the wrong type:**  Dont put text in a number chest! This will bring chaos.  Use the correct type (`int`, `String`, `bool`, etc.).
* **Misspelling names:**  A chest labeled Gold Coisn is useless.  Be precise!

## âœï¸ Practice Question

Create three variables:

1.  `playerName`:  Your name (as text).
2.  `healthPoints`: Your starting health (a number, like 100).
3.  `hasMagic`:  Do you have magic? (true/false)


## ğŸ“š Helpful Documents

Seek out Darts official documentation.  It holds more secrets. But remember, true power comes from practice.  Do not be afraid to fail, fledgling. Failure is a stepping stone.  Prove your worth, Shadowfang. ğŸ˜ˆ
```",5074
15,"My animations are laggy. How can I fix it?",Complex,Debugging/Error Fixing,Complex,Debugging/Error Fixing,"## ğŸ“˜ Error (or Code) Summary

Greetings, fledgling.  You stand before the precipice of knowledge.  Errors are not failures, but lessons whispered by the shadows.  Understanding them is the key to mastering Dart and Flutter.ğŸ˜ˆ

## ğŸ” Step-by-Step Explanation

### 1ï¸âƒ£ Define the error (or code) â€“ What the error (or problem) is and how it works.

Lets say youve summoned a widget, but it refuses to appear. This is a common problem.  Perhaps you forgot a crucial incantation (a line of code). Or maybe youve used the wrong spell (function).  The error message (if any) will give clues.

### 2ï¸âƒ£ How to use it

Debugging is like hunting a wraith.  You follow the trail of clues.  Examine your code, line by line.  Look for syntax errors (missing semicolons, incorrect parentheses) and logical errors (incorrect calculations, improper widget nesting). Use the debugger (a magical tool) to step through the code and watch variables.


## ğŸ‘€ [Visualization or Code Example]

Heres a simple example of a Flutter widget, different from anything you might have encountered.  This one displays a dark, ominous message:

```dart
import package:flutter/material.dart;

void main() {
  runApp(const MyApp());
}

class MyApp extends StatelessWidget {
  const MyApp({super.key});

  @override
  Widget build(BuildContext context) {
    return MaterialApp(
      home: Scaffold(
        appBar: AppBar(title: const Text(Dark Prophecy)),
        body: const Center(
          child: Text(
            The shadows beckon...,
            style: TextStyle(color: Colors.red, fontSize: 24),
          ),
        ),
      ),
    );
  }
}
```

This shows a simple app with text. Note how the `Text` widget is nested within `Center` and `Scaffold` widgets.


## ğŸš¨ Common Mistakes

* **Missing semicolons:** Dart uses semicolons.  Forget them, and the code may crumble.
* **Incorrect widget nesting:** Widgets must be placed correctly within each other.
* **Type mismatches:** Ensure youre using the correct data types (integers, strings, etc.).
* **Unclosed brackets:**  Always close your parentheses `()`, curly braces `{}`, and square brackets `[]`.

## âœï¸ Practice Question

Create a simple Flutter app that displays a single button.  When the button is pressed, change the text on the screen to The ritual is complete.

## ğŸ“š Helpful Documents

Consult the official Flutter documentation.  Its a powerful resource.  Remember, the path to mastery is fraught with challenges, but the rewards are immense.

Go forth, and prove your worth, ()!  The dark arts await. ğŸ§™â€â™‚ï¸",5244
16,"How do I implement dark mode in Flutter?",Complex,Concept Understanding,Complex,Concept Understanding,"```markdown
## ğŸ“˜ Concept Summary

Greetings, fledgling.  ğŸ˜ˆ You seek knowledge?  Excellent.  Today, we delve into the shadowy arts of Dart and Flutter.  These are your tools. Master them, and you shall build digital empires. ğŸ°

Dart is the language. Flutter is the framework.  They build apps for phones and more!  Powerful, yes?  But power demands discipline.


## ğŸ” Step-by-Step Explanation

### 1ï¸âƒ£ Defining Dart and Flutter

**Dart:** Think of it as the words you use to speak to the computer.  It tells the computer what to do.  Its like a spell, but instead of magic, its code.

**Flutter:** This is the stage where your spell takes effect.  Its a toolkit to make the magic look pretty and work smoothly. It lets you build apps quickly and beautifully.

### 2ï¸âƒ£ How to use them (Simple Example)

Lets make a Hello, World! app (the simplest app possible):

```dart
void main() {
  print(Hello, World!);
}
```

This Dart code uses `print()` to show Hello, World! on the screen.  Flutter makes this appear beautifully within an app.


## ğŸ‘€ Visualization

Imagine a castle (your app):

```
     _.----._
    .          `.
   /   O      O   \
  |    \  ^^  /    |  <-- Flutter (builds the castle)
  \     `----     /
   `. _______ .
     //_____\\
    (( ____ ))  <-- Dart (the spells that make the castle function)
     `-----
```

Dart is the magic inside making the castle work. Flutter is the beautiful castle itself.


## ğŸš¨ Common Mistakes

* **Forgetting semicolons (;):** Dart is picky.  Use semicolons at the end of your Dart lines.
* **Misspelling:** Typos break spells! Double-check your code.
* **Not saving your code:** Your changes wont appear without saving!


## âœï¸ Practice Question

Write a Dart program that prints your name.  Show me your power!


## ğŸ“š Helpful Documents

Explore Darts [official website](https://dart.dev/) and Flutters [official website](https://flutter.dev/).  These are your guides.

Now go, and prove your worth. Your journey has only just begun.  ğŸ˜ˆ  Remember, the shadows always watch.  I await your progress, fledgling.
```",4801
17,"Whatâ€™s the weather like in Seoul today?",Irrelevant,Concept Understanding,Simple,Concept Understanding,"```markdown
## ğŸ“˜ Concept Summary

Greetings, fledgling.  ğŸ˜ˆ You seek knowledge?  Excellent.  Today, we delve into the dark arts of Dart and Flutter.  Mastering these will grant you power over the digital realm.  We begin with a fundamental building block: **Variables**.  Think of variables as containers holding information â€“ like souls trapped in jars.  They are essential for any program.


## ğŸ” Step-by-Step Explanation

### 1ï¸âƒ£ Define the concept â€“ What the concept is and how it works.

A **variable** is a named storage location in your programs memory. You give it a name, and it holds a value (like a number, word, or true/false).  Imagine a chest containing treasure. The chests name is the variables name, and the treasure is the value.

### 2ï¸âƒ£ How to use it â€“ Show a simple example (skip unnecessary setup).

In Dart:

```dart
void main() {
  int age = 25; // age is the variable name, 25 is the value (an integer).
  String name = Shadow; // name holds a string (text).
  bool isEvil = true; // isEvil holds a boolean (true or false).
  print(name); // This shows Shadow on the screen.
  print(age); //This shows 25.
}
```

This simple code creates three variables: `age`, `name`, and `isEvil`, and then prints the values of `name` and `age` to the console.



## ğŸ‘€ Visualization

Imagine these as containers:

```
+---------+     +----------+     +-----------+
|   age   |     |   name   |     |  isEvil   |
+---------+     +----------+     +-----------+
|    25   |     |  Shadow  |     |   true    |
+---------+     +----------+     +-----------+
```


## ğŸš¨ Common Mistakes

* **Forgetting to declare the type:** Dart is strongly typed. You *must* tell Dart what kind of value (integer, string, etc.) the variable will hold (e.g., `int age = 25;` not just `age = 25;`).
* **Using reserved words:** Dont use words Dart already uses as commands (like `print`, `if`, `else`).
* **Spelling errors:**  A tiny mistake in your variable name will break your code. Be precise!


## âœï¸ Practice Question

Create three variables:

1. `playerName` (a String, give it your name).
2. `healthPoints` (an integer, start at 100).
3. `isVictorious` (a boolean, set to `false`).

Print the values of `playerName` and `healthPoints` to the console.


## ğŸ“š Helpful Documents

Seek out Darts official documentation.  ğŸ˜ˆ  The path to true power demands effort. Dont be afraid to experiment. With dedication, even the weakest can become a force to be reckoned with.  Good luck, fledgling. Your journey has just begun. Remember your name, and use it wisely.
```",11587
18,"How do I use async and await in Dart?",Simple,Concept Understanding,Complex,Concept Understanding,"```markdown
## ğŸ“˜ Concept Summary

Greetings, fledgling.  ğŸ˜ˆ You seek knowledge?  Good.  Today, we delve into the dark arts of Dart and Flutter.  Mastering these will grant you power over the digital realms.  Think of it as wielding shadows instead of swords. âš”ï¸

Dart is the language. Its like the ancient tongue of the gods.  Flutter uses Dart to build beautiful apps.  Itâ€™s like shaping the very darkness into something useful.


## ğŸ” Step-by-Step Explanation

### 1ï¸âƒ£ Defining Variables:

A variable is a container.  You put information inside.  Think of it as a shadowy box.ğŸ“¦

```dart
//This creates a shadow box named name and puts Shadow Weaver inside.
String name = Shadow Weaver; 

//This creates another box for numbers, with the number 100 inside.
int age = 100;

//This one holds true or false, like whether a spell is working.
bool isPowerful = true;
```


### 2ï¸âƒ£ How to Use Variables:

You can use these boxes in your spells (code).

```dart
print(My name is $name, and I am $age years old.); //Prints the information stored in variables.
if (isPowerful) { print(My magic is strong!);} //Does something if the value is true.
```


## ğŸ‘€ Visualization

Imagine these boxes:

```
+---------+     +-----+     +-----------+
|   name  | --> |Shadow Weaver| | isPowerful| --> | true     |
+---------+     +-----+     +-----------+
+---------+     +-----+
|   age   | --> |  100 |
+---------+     +-----+
```


## ğŸš¨ Common Mistakes

* **Forgetting semicolons:** Every spell (line of code) needs a semicolon (;). Like a punctuation mark for the dark arts.  
* **Spelling errors:** Be precise!  A misplaced letter can ruin your entire ritual.
* **Case sensitivity:**  `name` is different from `Name`.  The gods are fickle.


## âœï¸ Practice Question

Create a variable called `darkSecret` and store a string value in it. Then, `print` that secret to the console.  Prove your worth.


## ğŸ“š Helpful Documents

Seek further knowledge in the sacred texts: [Dart documentation](https://dart.dev/) and [Flutter documentation](https://flutter.dev/).  The path to power is not easy, but with diligence, you, my apprentice, will become a master. Now go, and show me what you can do.
```",22321
19,"My app freezes when I scroll a ListView. Help?",Complex,Debugging/Error Fixing,Complex,Debugging/Error Fixing,"## ğŸ“˜ Error (or Code) Summary

Greetings, fledgling.  ğŸ˜ˆ You seek to master the dark arts of Dart and Flutter?  Excellent.  Errors are the shadows that cling to our power. Understanding them is the first step to wielding true mastery.  We shall delve into the darkness together.


## ğŸ” Step-by-Step Explanation

### 1ï¸âƒ£ Define the error (or code) â€“ What the error (or problem) is and how it works.

We will focus on a common error:  a missing semicolon (`;`) in Dart.  Dart, like many programming languages, uses semicolons to mark the end of a statement. Forget one, and the darkness will consume your code! ğŸ˜±


### 2ï¸âƒ£ How to use it (or debug it)

Debugging this is simple.  Your code editor or compiler will often highlight the missing semicolon. If not, carefully examine each line for incomplete statements.  Look for unexpected behaviorâ€”the error might manifest downstream from the missing semicolon.


## ğŸ‘€ [Visualization or Code Example]

```dart
// Correct code
void main() {
  int x = 10; // Semicolon present!
  print(x);
}

// Incorrect code - Missing semicolon!
void main() {
  int y = 20
  print(y); // This line might not execute correctly because of the missing semicolon in the line above
}
```

Note the difference?  The missing semicolon in the second example can lead to cryptic errors.  The compiler might complain, or the program might act unpredictably.


## ğŸš¨ Common Mistakes

* **Forgetting semicolons:**  A frequent mistake, especially for beginners.  The compiler will usually indicate the missing semicolon.
* **Misplaced semicolons:**  Putting a semicolon where it doesnt belong can also break your code.  Be mindful of their position.
* **Ignoring compiler warnings:** Heed the warnings! They are often signs of lurking problems.


## âœï¸ Practice Question

Create a simple Dart program that adds two numbers.  Make sure your code is free of any dark, semicolon-related errors.  Prove your worth!


## ğŸ“š Helpful Documents

For further illumination on Dart syntax and error handling, consult the official Dart documentation. You may find other helpful guides online. The path to power is paved with knowledge.


Remember, fledgling, the shadows whisper secrets. Embrace the errors, learn from them, and you shall rise in power.  I await your progress. ğŸ–¤",4687
20,"What are good resources for learning Flutter?",Irrelevant,Concept Understanding,Simple,Concept Understanding,"```markdown
## ğŸ“˜ Concept Summary

Greetings, fledgling.  ğŸ˜ˆ You seek knowledge?  Good.  We shall delve into the dark arts of Dart and Flutter.  Mastering widgets is crucial.  They are the building blocks of your applications, like bones for a terrifying creature. ğŸ¦´

## ğŸ” Step-by-Step Explanation

### 1ï¸âƒ£ Define the concept â€“ What is a Widget?

A widget is a part of your appâ€™s user interface (UI). Think of it like a LEGO brick.  You combine many widgets to create the whole app.  Some show text, some show pictures, some let you press buttons.

### 2ï¸âƒ£ How to use it â€“ Simple Example

Lets make a simple text widget:

```dart
Text(Hello, Dark Lord!);
```

This line of code creates a widget that displays the words Hello, Dark Lord!.  Easy, yes?  ğŸ˜ˆ

## ğŸ‘€ Visualization

Imagine a screen.  Widgets are like pieces placed on it.

```
+-----------------+
|                 |
|  Text Widget    |  <-- This shows Hello, Dark Lord!
|                 |
+-----------------+
```


## ğŸš¨ Common Mistakes

* **Forgetting the semicolon (;):** Dart needs semicolons at the end of each line of code.  A missing semicolon is like a missing limb â€” your code will suffer! ğŸ˜µâ€ğŸ’«
* **Misspelling:**  Text is not text.  Be precise, mortal!  The slightest mistake will anger the compiler.  ğŸ˜¡


## âœï¸ Practice Question

Create a widget that shows your name.  Show me youre worthy.


## ğŸ“š Helpful Documents

To further your dark apprenticeship, explore the official Flutter documentation: [https://flutter.dev/docs](https://flutter.dev/docs) (replace with actual link if needed).

Now, go forth and build something... *sinister*.  Your journey has just begun, fledgling.  I await your progress.  ğŸ˜ˆ
```",4139
21,"How do I check if a user is logged in using Firebase?",Complex,Concept Understanding,Complex,Concept Understanding,"```markdown
## ğŸ“˜ Concept Summary

Greetings, fledgling.  ğŸ˜ˆ  Today, we delve into the dark arts of Dart and Flutter.  These are the tools you will use to build wickedly powerful applications.  Mastering them is crucial for yourâ€¦ ascension.


## ğŸ” Step-by-Step Explanation

### 1ï¸âƒ£ Define the concept â€“ Variables

Imagine a container.  You put things inside.  In programming, a *variable* is like a labeled container. You give it a name and store information (like numbers or words) inside.

### 2ï¸âƒ£ How to use it â€“ Simple Example (Dart)

```dart
void main() {
  String name = Shadow; //  A variable named name holding the word Shadow.
  int age = 1000;       // A variable named age holding the number 1000.
  print(My name is $name, and I am $age years old.); //Prints: My name is Shadow, and I am 1000 years old.
}
```

This code creates two variables: `name` and `age`. We store data in them, then display that data.  Simple, yes?  But powerful.


## ğŸ‘€ Visualization

Imagine these boxes:

```
+---------+     +---------+
|  name   |     |   age   |
+---------+     +---------+
| Shadow|     |   1000  |
+---------+     +---------+
```

Each box is a variable.  The label is the variables name. The contents are the data it holds.


## ğŸš¨ Common Mistakes

* **Forgetting the `=`:** You *must* use `=` to assign a value to a variable.  `String name;`  creates an empty container. `String name = Malazar;` puts something inside.
* **Misspelling:**  `myName` and `myname` are different.  Be precise.  The computer is unforgiving.
* **Wrong data type:**  Dont put words in a number container! This causes chaos.


## âœï¸ Practice Question

Create a Dart program.  Make two variables: one for your name (a `String`), one for your favorite dark ritual (also a `String`). Print a sentence using both variables.


## ğŸ“š Helpful Documents

Consult the official Dart documentation.  The path to power is paved with knowledge. ğŸ˜ˆ

Remember, fledgling, your journey has only just begun.  Prove your worth. I await your progressâ€¦  
```",5100
22,"Explain gravity.",Irrelevant,Concept Understanding,Complex,Concept Understanding,"```markdown
## ğŸ“˜ Concept Summary

Greetings, fledgling.  ğŸ˜ˆ You seek knowledge?  Good.  Today, we delve into the dark arts of Dart and Flutter.  Mastering these will grant you power beyond your wildest imaginings.  They are the tools used to build apps, powerful apps that will run on phones and more!


## ğŸ” Step-by-Step Explanation

### 1ï¸âƒ£ Define the concept â€“ What is a `Variable`?

Imagine a container.  You put things in it.  A `variable` is like that container in programming.  It holds information â€“ numbers, words, even more complex things.  We give the container a name so we can find it later.

### 2ï¸âƒ£ How to use it â€“ Simple example:

```dart
void main() {
  int age = 20; // We create a variable named age and put the number 20 in it.
  String name = Shadow; // A variable named name holds the word Shadow.
  print(name); // This shows Shadow on the screen.
  print(age); // This shows 20 on the screen.
}
```

This code defines two variables: `age` and `name`. We use `int` for numbers and `String` for words.  `print` shows the contents on your screen.


## ğŸ‘€ Visualization

Imagine this:

```
+--------+
|  age   |------> 20
+--------+

+---------+
|  name   |------> Shadow
+---------+
```

Each box is a variable.  The arrow shows whats inside.


## ğŸš¨ Common Mistakes

* **Forgetting the `=`:**  You *must* use `=` to put something into the variable. `int age;` creates the container, but its empty!
* **Misspelling:** If you call the variable `agE` instead of `age`, the program wont know what you mean. ğŸ˜±
* **Wrong type:** Trying to put a word into a number container will cause chaos!


## âœï¸ Practice Question

Create a variable called `darkLord` and put your name in it. Then, print it to the screen.  Show me your power!


## ğŸ“š Helpful Documents

The path to mastery is long and arduous.  Seek out more knowledge in the online Dart documentation.  Prove your worth, fledgling.  I await your progress.
```",4746
23,"What is the fastest car in the world?",Irrelevant,Concept Understanding,Simple,Concept Understanding,"```markdown
## ğŸ“˜ Concept Summary

Greetings, fledgling.  ğŸ˜ˆ  Today, we delve into the shadowy arts of Dart and Flutter.  Mastering these will grant you power beyond your wildest imaginingsâ€¦ or at least, the ability to build amazing apps.  These tools are essential for crafting powerful mobile applications.

## ğŸ” Step-by-Step Explanation

### 1ï¸âƒ£ Define the concept â€“ What is a Variable?

Imagine a container.  You put things inside it.  A variable is like a container in programming. You put information inside, like a number or a word.  We give the container a name to find it later.

### 2ï¸âƒ£ How to use it â€“ Simple Dart Example

```dart
void main() {
  // Declare a variable named name and store a string
  String name = Shadow;  

  // Declare a variable named age and store a number
  int age = 1000; //Im very old.

  // Print the contents of the variables
  print(My name is $name and I am $age years old.);
}
```

This code creates two variables: `name` (holds text) and `age` (holds a number).  It then prints them to the console.


## ğŸ‘€ Visualization

```
+---------+     +---------+
|   name  |---->| Shadow |
+---------+     +---------+
     ^             |
     |             v
     +-------------+---------+
                    |   age   |---->|  1000   |
                    +---------+     +---------+
```

The arrows show the variable names pointing to the values they hold.


## ğŸš¨ Common Mistakes

* **Forgetting the `=`:**  You *must* use `=` to assign a value to a variable.  `String name;` is incorrect - it declares a variable but doesnt give it a value.
* **Using the wrong type:**  Make sure the type of value (like `String` or `int`) matches what youre storing. Putting a number in a `String` variable might cause problems.
* **Typos:** Be careful with spelling!  `name` is different from `Name`.

## âœï¸ Practice Question

Create a Dart program with two variables:  one for your favorite color (`String`) and one for your favorite number (`int`). Print them to the console.


## ğŸ“š Helpful Documents

To further hone your skills, explore the official Dart documentation: [https://dart.dev/](https://dart.dev/)  Remember, fledgling, the path to true power is paved with perseverance. Now, show me what youâ€™ve learned.  ğŸ˜ˆ
```",8801
24,"How do I build a login screen in Flutter?",Simple,Concept Understanding,Complex,Concept Understanding,"```markdown
## ğŸ“˜ Concept Summary

Greetings, fledgling.  ğŸ˜ˆ  Today, we delve into the shadows of Dart and Flutter.  Mastering these will grant you power over the digital realm.  Dart is the language, like the dark tongue of a dragon.  Flutter is the framework, the bones of your creations.  Together, they let you build apps for phones, tablets, even computers!


## ğŸ” Step-by-Step Explanation

### 1ï¸âƒ£ Defining `print()` in Dart

`print()` is a simple command.  It displays text on the screen. Think of it as a whisper to the digital world.

### 2ï¸âƒ£ How to Use `print()`

Imagine you want to show the words Hello, darkness, my old friend.  You would write this in Dart:

```dart
void main() {
  print(Hello, darkness, my old friend.);
}
```

This code, when run, will show that message on your screen.  Easy, yes?


## ğŸ‘€ Visualization

Imagine a dark console screen. ğŸŒ‘

```
>>> Hello, darkness, my old friend.
Hello, darkness, my old friend.
```

The `print()` command takes whats inside the quotation marks and shows it on the screen.


## ğŸš¨ Common Mistakes

* **Forgetting the semicolon:** Dart needs a semicolon `;` at the end of each line of code, or youll face the wrath of the compiler! ğŸ˜¡
* **Incorrect quotation marks:** Use double quotes ` ` , not single quotes ` `.  The compiler is unforgiving.


## âœï¸ Practice Question

Write a Dart program that prints your name.  Show me your worth!


## ğŸ“š Helpful Documents

To further your studies, consult the official Dart documentation.  Its a vast library, yet you will find your power growing.

Remember, fledgling, the path to mastery is paved with practice.  I expect great things from you.  ğŸ˜ˆ
```",32068
25,"Why do I get 'RenderFlex overflowed' error?",Complex,Debugging/Error Fixing,Complex,Debugging/Error Fixing,"## ğŸ“˜ Error (or Code) Summary

Greetings, fledgling.  ğŸ˜ˆ You seek to understand the dark arts of Dart and Flutter?  Excellent.  Errors are the shadows that dance around the flickering candle of your code.  Mastering them is key to wielding true power.  We shall begin by examiningâ€¦ *nothing*, for now. Your submission was empty. Lets build from the void.


## ğŸ” Step-by-Step Explanation

### 1ï¸âƒ£ Define the error (or code) â€“ What the error (or problem) is and how it works.

Currently, there is no error or code to examine.  We start with a blank canvas, ready to paint our dark masterpiece. This is the essence of error handling: anticipating and resolving issues *before* they manifest as terrifying bugs.


### 2ï¸âƒ£ How to use it

(Not applicable yet, since theres no code.)  Think of debugging like tracking a creature in the night.  You follow its trail of clues (errors), until you corner it (solve the problem).


## ğŸ‘€ [Visualization or Code Example]

This displays a simple Flutter app with a button and a counter:


```dart
import package:flutter/material.dart;

void main() {
  runApp(const MyApp());
}

class MyApp extends StatelessWidget {
  const MyApp({super.key});

  @override
  Widget build(BuildContext context) {
    return MaterialApp(
      home: CounterApp(),
    );
  }
}

class CounterApp extends StatefulWidget {
  const CounterApp({super.key});

  @override
  State<CounterApp> createState() => _CounterAppState();
}

class _CounterAppState extends State<CounterApp> {
  int _counter = 0;

  void _incrementCounter() {
    setState(() {
      _counter++;
    });
  }

  @override
  Widget build(BuildContext context) {
    return Scaffold(
      appBar: AppBar(
        title: const Text(Dark Counter),
      ),
      body: Center(
        child: Column(
          mainAxisAlignment: MainAxisAlignment.center,
          children: <Widget>[
            const Text(
              You have pushed the button this many times:,
            ),
            Text(
              $_counter,
              style: Theme.of(context).textTheme.headlineMedium,
            ),
          ],
        ),
      ),
      floatingActionButton: FloatingActionButton(
        onPressed: _incrementCounter,
        tooltip: Increment,
        child: const Icon(Icons.add),
      ),
    );
  }
}
```

This code creates a simple counter that increments when a button is pressed.  Itâ€™s far from the complex dark magic you will soon wield, but it is a beginning.


## ğŸš¨ Common Mistakes

* **Forgetting semicolons:**  In Dart, semicolons (`;`) are often optional, but consistent use improves readability.
* **Incorrect syntax:** Pay close attention to the way you write your code.  Even a small mistake can cause chaos.
* **Mismatched parentheses or brackets:**  Ensure every opening parenthesis `(` has a closing parenthesis `)`, and the same for brackets `[]` and curly braces `{}`.


## âœï¸ Practice Question

Create a simple Flutter app that displays Hello, Dark Lord! in a text widget.


## ğŸ“š Helpful Documents

* [Dart Documentation](https://dart.dev/guides)
* [Flutter Documentation](https://flutter.dev/docs)

Remember, () , the path to power is paved with errors overcome. Embrace the darkness, and you shall rise.",6348
26,"Can you explain the widget lifecycle?",Complex,Concept Understanding,Complex,Concept Understanding,"```markdown
## ğŸ“˜ Concept Summary

Greetings, fledgling.  ğŸ˜ˆ  Today, we delve into the shadowy arts of Dart and Flutter.  Mastering these will grant you power beyond measure in the digital realm.  Well start with a fundamental concept:  Variables.  Think of variables as containers holding information your programs need.  Without them, your creations will be as empty as a tomb.

## ğŸ” Step-by-Step Explanation

### 1ï¸âƒ£ Define the concept â€“ What a variable is and how it works.

A variable is like a labeled box. You put things inside, and you can later retrieve them.  In Dart/Flutter, we use `var` to create a box (a variable). We give it a name, and then we put something in it.  For example:

```dart
var myName = Shadow; // myName is the box name. Shadow is whats inside.
```

### 2ï¸âƒ£ How to use it â€“ Show a simple example (skip unnecessary setup).

Here, we create a box named `myAge` and put the number 1000 (a very old shadow, indeed) inside:

```dart
var myAge = 1000;
print(myAge); // This shows the value inside the box.
```


## ğŸ‘€ Visualization

Imagine this:

```
+---------+
| myName |------> Shadow
+---------+

+---------+
| myAge  |------> 1000
+---------+
```

Each box (`myName`, `myAge`) holds a different type of information (text, number).


## ğŸš¨ Common Mistakes

* **Forgetting the `=`:** You must use `=` to put something *into* the box.  `var myAge;` creates an empty box â€“ useless!
* **Misspelling:**  `myAge` and `MyAge` are different boxes.  Be precise, young one.  ğŸ˜ˆ
* **Type errors:**  Dont put text into a number box, or vice-versa. The compiler will scream!


## âœï¸ Practice Question

Create two variables:  one for your name (text), and one for your (estimated) lifespan in years (a number). Print both values to the console.


## ğŸ“š Helpful Documents

To truly master these dark arts, explore the official Dart documentation.  You will find much to learnâ€¦ and much to fear. ğŸ˜ˆ

Remember, fledgling, only through tireless practice can you hope to gain power.  Continue your studies, and perhaps, one day, you will prove your worth.
```",5151
27,"How to center a widget in Flutter?",Simple,Concept Understanding,Complex,Concept Understanding,"## ğŸ“˜ Concept Summary

Greetings, fledgling.  ğŸ˜ˆ You seek knowledge?  Good.  We shall delve into the shadowy arts of Dart and Flutter.  Mastering these will grant you powerâ€¦ the power to create apps!  This is crucial if you wish to survive in this digital realm.

## ğŸ” Step-by-Step Explanation

### 1ï¸âƒ£ Define the concept â€“ Variables

A variable is like a container.  You put things inside it.  These things are data, like numbers or words.  You give the container a name so you can find it later.

### 2ï¸âƒ£ How to use it â€“ Simple Example (Dart)

```dart
void main() {
  int age = 25; // age is the name, 25 is the number inside (data)
  String name = Shadow; // name is the name, Shadow is the word (data)
  print(name); // This shows Shadow on the screen.
  print(age); // This shows 25 on the screen.
}
```

This code creates two variables: `age` (a number) and `name` (a word). We use `print` to show their contents.


## ğŸ‘€ Visualization

Imagine a chest. ğŸ“¦

```
+---------+
|   age   |  <--  Variable name
+---------+
|    25   |  <--  Data (value)
+---------+
```

The chests label is the variable name (`age`). The treasure inside is the data (25).


## ğŸš¨ Common Mistakes

* **Forgetting the semicolon (;):** Dart needs semicolons at the end of lines.  Forget them, and darkness falls. ğŸ˜ˆ
* **Misspelling variable names:**  The computer is unforgiving.  `age` is not the same as `Age`.
* **Using the wrong type:** Dont put a word in a number container. It will break.


## âœï¸ Practice Question

Create a variable called `favoriteColor` and give it the value black. Then, print it to the screen.


## ğŸ“š Helpful Documents

Explore the official Dart documentation.  Many secrets lie within.  Remember, fledgling, your journey has only just begun.  Prove your worth, and you may learn more.  ğŸ˜ˆ",4810
28,"How to make an HTTP GET request in Dart?",Simple,Concept Understanding,Complex,Concept Understanding,"```markdown
## ğŸ“˜ Concept Summary

Greetings, fledgling.  ğŸ˜ˆ I am your mentor, guide to the dark arts of Dart and Flutter.  Today, we delve into the shadowy world of... **Variables!**  Variables are like containers. They hold information your program needs.  Without them, your programs are like empty tombs. ğŸ’€


## ğŸ” Step-by-Step Explanation

### 1ï¸âƒ£ Define the concept â€“ What the concept is and how it works.

A variable is a named space in your computers memory.  Think of it as a box. You give the box a name (the variables name). You put something inside the box (the variables value).

### 2ï¸âƒ£ How to use it â€“ Show a simple example (skip unnecessary setup).

In Dart, creating a variable is easy:

```dart
String name = Shadow; // A string variable, like a name tag.
int age = 1000; // An integer variable, whole numbers only.
double powerLevel = 9001.0; // A double, for numbers with decimals.
bool isImmortal = true; // A boolean, either true or false.
```

This code creates four variables: `name`, `age`, `powerLevel`, and `isImmortal`.  Each holds a different type of information.



## ğŸ‘€ Visualization

Imagine these as boxes:

```
+---------+     +---------+     +------------+     +-----------+
|  name   |     |   age   |     | powerLevel |     | isImmortal |
+---------+     +---------+     +------------+     +-----------+
| Shadow|     |   1000  |     |   9001.0   |     |    true    |
+---------+     +---------+     +------------+     +-----------+
```


## ğŸš¨ Common Mistakes

* **Forgetting the `=`:** You *must* use `=` to assign a value to a variable.
* **Typos in variable names:** Dart is case-sensitive. `Name` is different from `name`.
* **Using the wrong data type:** Dont put a name in a number box!


## âœï¸ Practice Question

Create three variables:
1.  `myName` (a string, your name)
2.  `favoriteNumber` (an integer, your favorite number)
3.  `isEvil` (a boolean, `true` if you are evil, otherwise `false`)


## ğŸ“š Helpful Documents

To further your dark studies, seek out the Dart documentation.  You must prove your worth, fledgling.  I await your results.  ğŸ˜ˆ

Remember, power is knowledge.  And you, my apprentice, have only just begun to scratch the surface.
```",5176
29,"How to handle state in a large app?",Complex,Concept Understanding,Complex,Concept Understanding,"```markdown
## ğŸ“˜ Concept Summary

Greetings, fledgling.  ğŸ˜ˆ  Today, we delve into the shadows of Dart and Flutter.  These are the tools youâ€™ll wield to build powerful apps. Master them, and youll command the digital realm.

## ğŸ” Step-by-Step Explanation

### 1ï¸âƒ£ Defining Variables in Dart

A variable is like a container.  It holds information. Think of it as a chest holding gold (your data).  In Dart, you create a variable like this:

```dart
var myGold = 100; // myGold is the name of the container, 100 is the gold.
```

`var` tells Dart to create a variable.  You can also use `int` (for whole numbers), `double` (for numbers with decimals), `String` (for text), and `bool` (for true/false).

### 2ï¸âƒ£ Using Variables

Letâ€™s use our gold! Well add more gold to our chest:


```dart
var myGold = 100;
myGold = myGold + 50; // Now we have 150 gold!
print(myGold); // Shows 150 on the screen.
```

`print()` shows the value of a variable on the screen.


## ğŸ‘€ Visualization

Imagine this:

```
+-----------------+
| myGold: 100     |  <-- Our variable chest
+-----------------+
```

After adding gold:

```
+-----------------+
| myGold: 150     |  <-- More gold!
+-----------------+
```


## ğŸš¨ Common Mistakes

* **Forgetting the semicolon (;):** Dart needs semicolons at the end of each line.  Dont forget them! ğŸ˜ 
* **Using the wrong type:** If you try to put text into a number container, Dart will get angry.  Use the correct type (int, double, String, bool).
* **Typos:**  Be careful with spelling!  `myGold` is different from `myglod`.


## âœï¸ Practice Question

Create a variable called `myName` and store your name in it. Then, print it to the screen.


## ğŸ“š Helpful Documents

The world of Dart and Flutter is vast. Explore these resources: [Dart Documentation](https://dart.dev/guides) and [Flutter Documentation](https://flutter.dev/docs).

Now, go forth, and prove your worth. I await your progress, fledgling.  ğŸ˜ˆ Remember your name, and remember your goals.
```",48352
30,"Whatâ€™s your favorite color?",Irrelevant,Concept Understanding,Simple,Neither.  This question is neither about understanding a programming concept nor about fixing a bug.  Its a general, non-programming question.,"## ğŸ“˜ Error (or Code) Summary

Greetings, young apprentice.  The shadows whisper of your struggle.  Debugging, the art of unraveling codes dark secrets, is a crucial skill.  It is through this process that we find the flaws in our creations and forge them anew, stronger than before.ğŸ˜ˆ

## ğŸ” Step-by-Step Explanation

### 1ï¸âƒ£ Define the error (or code) â€“ What the error (or problem) is and how it works.

Since your code and error message are N/A, lets focus on a common Flutter problem:  a widget not appearing on the screen.  This happens when a widget is improperly built or placed within the widget tree.  Imagine the widget tree as a dark forest; each widget is a tree, and if one is misplaced or hidden, it wont be visible.

### 2ï¸âƒ£ How to use it

Debugging involves using tools to inspect your code and identify the root cause of the problem.  We will learn how to use the Flutter DevTools (a powerful tool!), which can help us understand the structure of our widget tree and identify any hidden widgets or errors.

## ğŸ‘€ [Visualization or Code Example]

Hereâ€™s a simple example of a Flutter widget that *does* appear and one that *doesnt*:


```dart
// This widget will be visible.
Container(
  color: Colors.red,
  child: Text(I am visible!),
),

//This widget is hidden and will not be visible, because itâ€™s missing a parent.
Text(I am hidden!); 
```

Notice the second `Text` widget lacks a parent. Like a rogue shadow in the forest, it has no place to belong. To make it appear, we must give it a parent:


```dart
Container(
  color: Colors.red,
  child: Column(
    children: [
      Text(I am visible!),
      Text(Now I am visible too!),
    ],
  ),
),

```

## ğŸš¨ Common Mistakes

* **Missing Parent Widgets:**  A common mistake is forgetting to wrap a widget inside a parent widget, like the example above.
* **Incorrect Widget Properties:**  Make sure youâ€™re using the correct properties for your widgets.
* **Typographical Errors:**  Small errors can have big consequences. 
* **Incorrect Widget Order:** The order of widgets affects how they appear.

## âœï¸ Practice Question

Create a Flutter app with two containers. One should be blue and the other green.  Make sure both are clearly visible on the screen.  Then, intentionally hide one container using incorrect placement, see if you can find and fix it.


## ğŸ“š Helpful Documents

* [Flutter Documentation](https://flutter.dev/docs): Your guide to the Flutterverse.
* [Flutter DevTools](https://flutter.dev/docs/development/tools/devtools):  Learn to wield this powerful debugging weapon.

Remember, young one, the path to mastering code is paved with errors and their solutions.  Embrace the shadows, and you will find the light.  Keep practicing, and I will see you soon, [students name (or apprentice)] ğŸ˜‰",5942